	eng	kor
1	Whose words should I be following?	어느 장단에 맞춰야 될지
2	When I take one step forward	한 발자국 떼면
3	My shadow grows one step bigger	한 발자국 커지는 shadow
4	Waking up and opening my eyes, where am I?	잠에서 눈을 뜬 여긴 또 어디
5	Maybe Seoul or New York or Paris	어쩜 서울 또 New York or Paris
6	I’m getting up but my body’s swaying	일어나니 휘청이는 몸
8	This shadow resembles me	날 닮은 그림자
9	Is it him who’s shaking?	흔들리는 건 이놈인가
10	Or is it me and my toes?	아니면 내 작은 발끝인가
11	There’s no way I can’t be afraid	두렵잖을 리 없잖아
12	There’s no way I’m okay	다 괜찮을 리 없잖아
13	But still I know	그래도 I know
14	Awkwardly, I flow	서툴게 I flow
15	I’m flying with the dark wind	저 까만 바람과 함께 날아
17	If you don’t wanna go crazy, you gotta go crazy	미치지 않으려면 미쳐야 해
19	I’m throwing myself to both sides of the world	나를 다 던져 이 두 쪽 세상에
22	It’s a beautiful prison that I’ve walked into	제 발로 들어온 아름다운 감옥
25	Bring it, bring the pain oh yeah	가져와 bring the pain oh yeah
27	Get on, bring the pain oh yeah	올라타봐 bring the pain oh yeah
34	Everything will become my blood and flesh	모두 내 피와 살이 되겠지
36	No fear, cuz I know the way	No fear, 방법을 알겠으니
37	For every thing little, breathe	작은 것에 breathe
38	It’s my oxygen and light in the darkness	그건 어둠 속 내 산소와 빛
39	My strength for everything I do	내가 나이게 하는 것들의 힘
40	Even if I fall, I’ll get up again, scream	넘어져도 다시 일어나 scream
42	Cuz that’s what we always do	언제나 우린 그랬으니
43	Even if my knees touch the ground	설령 내 무릎이 땅에 닿을지언정
44	As long as I don’t get buried	파묻히지 않는 이상
45	It’ll be just another happening	그저 그런 해프닝쯤 될 거란 걸
49	Whatever you say, whatever anyone says	네가 뭐라던 누가 뭐라던
70	Please allow me to breathe	나의 고통이 있는 곳에
71	In this place where my pain lives	내가 숨 쉬게 하소서
79	I’ll gladly be locked in this dark abyss	깜깜한 심연 속 기꺼이 잠겨
0	Are you still wandering around?	아직 넌 헤매고 있어
1	It might be that you’re lonely	아마도 외로웠던 거야
2	I wanted to find that place	밤하늘 가득 멀게만
3	Where the sky looked the farthest away	보였던 곳을 너무 원했나 봐
4	The more time passes	시간이 지나갈수록
5	And the more I become like you	내가 널 닮아 갈수록
6	I can see your sad gaze	난 그대 슬픈 눈빛을 보네
9	Everything hasn’t disappeared yet	모두 사라져 버린 건 아니잖아
10	This time is real, no one can deny	이젠 This time is real, no one can deny
11	In the middle of the world there’s a place where you can breathe	세상 가운데 살아 숨쉬는 곳
12	If you’ve dreamed of it, let me give it you	꿈꿔왔다면 내가 주게 해줘
13	Just the way that I had longed for you	그리워하던 모습 그대로 Hey
14	Without you’re consent	그대의 허락도 없이
15	I’ve changed like this	난 이렇게 변해 버렸어
16	It’s time that this	한결같은 그 아픔도
17	Unchanging pain disappear, forget it	모두 사라질 바에야 잊어 줘
18	Even if I don’t hear your voice	목소리 듣지 않아도
19	Or see you right now	지금 보이지 않아도
20	I can find you even if you’re in	또 다른 세상의 끝쯤에서
21	Another world or as a different person	타인의 모습이라도
22	If I have my heart set like this	널 찾아 낼 거야
23	I know I can do it	이런 마음이라면 난 할 수 있어
25	High above the blinding desert there’s a place	눈부신 사막의 높은 곳으로
26	If you’ve dreamed of it let us be there together	꿈꿔왔다면 함께 있게 해줘
27	All I do is for you, like this	오직 너만을 위해 지금 이렇게
28	Just as you can live as weak person	약한 듯 살아가는 것만으로도
29	Tomorrow can change like that too	내일은 그렇게 또 변할 수 있는 건가 봐
31	We’ll be together	너와 내가 찾던 그곳에서
32	In that place we’ve been searchign for	머물러 있을 테니
36	Just the way that I had longed for you. (hey)	그리워하던 모습 기억 그대로 Baby
39	(I want to be by your side)	(너의 곁에 있고 싶어)
42	So that all my love will not change)	내 모든 사랑 변치 않도록)
0	Everybody demands that	모든 게 나에게 여자가
1	I be ladylike	여자다운 것을 강요해
2	I don’t like how you’re	날 바라보는 네 야릇한
3	Gazing at me so oddly	시선들이 난 싫어
4	(Weak woman, lovesick woman whoo)	(약한 여자 사랑에 약한 여자 Whoo)
5	Don’t demand from me	내게 강요하지 마
6	I’m not trapped in a picture frame	틀에 갇혀버릴 내가 아닌 걸
7	Everything is my way	전부 나의 뜻대로
8	I’m me	나는 나인걸
9	No one can take my place	누구도 대신 하지 말아
10	(I’m not one to	(그렇게 만만하게
11	Let things pass so easily)	넘어갈 내가 아니야)
12	I want my image	내 모습 그대로
13	To be strong	당당하고 싶어
14	(Don’t expect me to	(그늘에 갇혀 사는
15	Always stand in the shade)	여자를 기대하지 마)
16	A girl who’s sexy, calm, boring	섹시한, 차분한, 영원히
17	And knows only one guy	한 남자만 아는 따분함
18	That’s a misunderstanding	그건 바로 착각
19	I’m the center of every man’s interest	모든 남자들의 관심사
20	I have a dream to change	난 이 세상을
21	This world	모두 바꿔버릴 꿈을 다 가진걸
22	(Get it up, I don’t have what it takes	(Get it up 난 부족해
23	Get it up, at all)	Get it up 모든 게 다)
24	That doesn’t make any sense	말이 되지 않잖아
25	You’re just taking their sides	그들만의 평등 같은 건
26	so that you can comply to their standards	그대들이 만든 기준에 맞게
37	Don’t take it anymore	더 이상은 참지 말아
39	Open up you’re heart more	마음을 더 열어 봐
40	Cause we’re going to the same place	우린 같은 곳을 향해 가잖아
41	We’ll all be forever together	모두 함께 영원 할텐데
42	Just different last names, that	서로 다른 성 일뿐
43	Humans have put to use	존재하기 위한 인간인걸
44	Why, don’t be uncertain any longer	Why 이젠 부정하지 마
45	All guys think that worldy truth is	남자들 모두가 세상의 진리는
46	An immutable law	절대로 불변의 법칙이라고
47	I hold this knife to control the world	이 칼을 잡은 난 세상의 지배자
48	The logic of strength is a man’s law	힘의 논리 남자만의 법칙들
49	You must be kidding me blurr blurr blurr blurr	아주 웃기시네 Blurr blurr blurr blurr
51	Money buys away a man’s selfworth	돈에 눈이 멀어 자존심을 사는 남자
52	Now meet your doom!	그대 이젠 맞이해라 Dooms and a dooms
53	Now, let’s listen to what BoA has to say	자 이제 보아 얘길 담아 듣자
54	In this new century, girls on top	새 시대 Story, girls on top
55	Half of the world	이 세상의 반
56	Gas been made by women	그건 여자들이 만들 거야
59	I’m going to walk forward	당당하게 난
60	With confidence	멀리 앞을 향해 걸어갈래
1	It’s the same question everday	매일 같은 질문
2	Everyday my feelings grow stronger oh yeah	매일같이 더해가는 나의 감정 Oh yeah
3	Would you know?	그댄 알까요?
4	That I want to hear those words 10 times a day	하루에도 열 두 번씩 듣고 싶은 말
5	It’s really special to me	내겐 정말 소중한 걸
6	Show me, don’t hesitate, I love you	보여줘요 주저하지 말고 사랑해요
7	I like everything about you baby	그대에겐 모든 걸 Baby 허락할 수밖에 없어
8	Come to me, don’t make we wait any longer	내게 와요 더 이상은 기다리게 하지 마
9	We’d be together if you had my love	둘이 함께 If you had my love
10	I can see the light	빛이 보여요
11	Ad it’s growing brighter	더욱 커져가고 있죠
12	I’m becoming a light now too	나도 이젠 빛이 되요
13	Baby, do you, do you love me?	Baby, do you, do you want me?
14	I can’t stop it now	이젠 막을 수가 없어
15	It’s a like a dam about to burst oh yeah	터져버릴 것만 같은 댐과 같죠 Oh yeah
16	If you want me more	날 더 원한다면
17	Then take me	그대 안에 나를 가둬 줘요
18	In my heart, in my soul everything for you	In my heart, in my soul 전부 그대로
19	My feelings are fleeting to the sky	구름 위를 떠다니는 내 기분
20	If I could just stop right here baby	지금 이대로 멈춰버릴 수만 있다면
21	Dangerously, dangerously I slowly	Baby 위험하게, 위험하게 나를 점점
22	Come come to you with my love	그대만의 Come, come 사랑으로 날
27	Let’s make a beautiful love	예쁜 사랑 만들어요
28	Let’s not change and always be like the beginning	우리 변함없는 처음처럼
29	I’ll become one only for you	그대만의 사람 될게요
30	Let’s make endless days together	수도 없이 많은 날을 함께 만들어가요
31	(I’ll give you a forever kind of happiness)	(영원 같은 행복 줄게요)
32	You might leave me	날 떠나버릴 지도 몰라
33	But don’t put me at unease	나를 불안하게 하지 말아 줘
34	You got me I got you, I won’t change my mind	You got me, I got you, I won’t change my mind
36	Everything about you baby I accept it all	그대에겐 모든 걸 Baby 허락할 수밖에 없어
0	Have you stopped already?	벌써 멈춰버린 거야
1	Everyday, anytime, anywhere	Everyday anytime anywhere
2	It’s easy to just wait	그저 기다리긴 쉽지만
3	But I say grab the key and take the chance	I say 기회의 Key를 잡아
4	Inside of me from somewhere	내 안의 어딘가에서
5	It’s calling me with just a feeling	전해져 오는 느낌만으로
6	(Just a little bit)	(Just a little bit a)
7	I’m going to run and find it	달려가 찾을 거야
8	With the fastest speed	최대한의 속도로
9	I want to kiss those lips	Kiss 하고픈 Lips
10	I want to be held in that embrace	안겨 보고 싶은 품과
11	I’m falling into	자석 같은
12	This magnetic pull	끌림속으로 빠져
13	Wanna get time for watcing you	Wanna get time for watching you
14	(At) intersection, (I’m) telling you what	Intersection telling you what
15	Inside the rhythm crazy move	리듬속에 Crazy move
16	That dream you’ve hidden	감춰왔던 너의 꿈
17	Try motoway 065	Try motorway 065
18	I’m on this street right now, I’m watching you	지금 이 길로 Watching you
19	Inside this confusion (Ah ah)	혼동속에 (Ah ah)
20	You’re all I have	단지 내겐 너뿐야
21	Even if it’s a bit flavorless	무모한 듯해도
22	I’m going to try it	날 맡겨 볼 거야
23	Because this is a once in a	인생속에
24	Life time experience	한번쯤 찾아오는걸
25	The race has started	시작 되어버린 Racing
26	And it’s not a east start	무난한 시작은 아니야
27	Trust me for just a second	잠깐이라고만 믿어 봐
28	I won’t ever let you go	절대 너를 놓치지 않아
34	Wherever	어디라도
35	My path might be	내게 허락된 길 위로
36	I’ve passed	어지러운
37	The confusing times	시간속을 난 지나쳐
38	Don’t tell me I’m wandering	헤맨다고는 하지 마
39	I just don’t know where I’m going	갈곳을 모를 뿐이지만
40	Who am I now?	지금 내가 누군지
41	What do I want?	무엇을 원하는지
42	Don’t stop here now	이제와서 멈추지 마
43	Saying that you’ve come this far	이 곳에까지 왔다면
45	You’re my end	나의 끝이 너니까
47	I want to find another path	또다른 길을 찾고 싶어
48	Feel even the tremble	리듬이 흐르는 곳에서
49	Where the rhythm is flowing	전율마저 느껴 봐
50	Don’t act like you don’t know	모른척 꾸미지는 마
51	There’s no use in hiding it	감춰 봐도 소용없어
52	A true heart is	진실한 마음만이
53	Forever’s serenade	영원의 Serenade
54	Try, I’m sending you a message	Try 널 향한 몸짓과
55	With my body and hands	손끝이 전한 Message
56	I’m going to give my all	다 줄 거야
57	If you’re my end	나의 끝이 너라면
0	Yeah, it’s ya boy, BC	Yeah it’s ya boy, BC
1	Let’s go hard, Imma go over hunnit	Let’s go hard Imma go over hunnit
4	Lack of oxygen, oh ma god	산소 부족 oh ma god
5	All the time I’ll give you a thrill	All the time I’ll give u a thrill
6	You meet with water	너는 물 만남
7	Oh yes, I’m your boy, You’re just answering	Oh yes I’m ur boy 너는 그저 대답만
8	Yo, breathe, where my lady show	Yo 숨 쉬어 Where ma lady 모셔
9	Get ready, action to shine, dazzle	Get ready action to shine 눈부셔
10	Endless rotation, welcome to ma nation	끝없이 Rotation welcome to ma nation
11	You and I meet	너와 내가 만나
12	Sparkly, sparkly, high tension now	Sparkly sparkly high tension now
13	You’re too strong for me	가볍게 지나쳐보려 해봐도
14	Even if I try to pass it lightly	넌 내게 너무 강렬해
15	Honestly, I can’t say it’s beautiful	솔직히 말해 아름답다는 말론
16	It’s been a long time	다 표현 안 돼 종일 아른거리네
17	Don’t look back, go straight to you	돌아보지 말고 너에게로 직진해
18	Just skip this and that	이것저것 머리 아픈 건 그냥 skip 해
19	Countdown, let’s start, keep going on	Countdown let’s start keep going on
20	Keep going on, on, on	Keep going on on on
21	to the end	끝날 때까지
22	Because one word you throw at me	툭 던진 니 한 마디가
23	Makes you want more	널 더 원하게 만드니깐
24	Girl, I want you to be mine	Girl I want u to be mine
25	Girl, I want you to be mine, yeah yeah	Girl I want u to be mine yeah yeah
26	Yo, groovin’, groovin’	Yo groovin’ groovin’
28	They’re all staring	다들 쳐다보네 빤히
29	They can’t stop anyone	누구도 못 말려 감히
30	Just the two of us movin’	우리 둘이 둘이 movin’
32	So you better shake it hard	So u better shake it hard
34	(Yo I), I called ma mommy and I said	(Yo I) I called ma mommy and I said
35	‘I can’t go home today, mom’	오늘 나 집에 못 가 엄마
36	Don’t look for me	날 찾지 말아 줘 지금
37	I’m in a mood from the beginning	처음부터 분위기 달아올라
38	Everyday we party day ye	날마다 We party day ye
39	A well-prepared gentleman	준비된 멋쟁이 신사
40	Don’t let the man take the chance	기회는 잡는 사람이 임자
41	He’ll regret it	놓치지 마 너 후회해 진짜
42	I’ll do whatever you want	니가 원하면 뭐든지 다 해줄 게
43	Just answer me	내게 대답을 해줘
44	If you hold my hand naturally	자연스럽게 내 손을 잡으면
45	You’ll be with me wherever you want	니가 원하는 어디든 너와 함께해
46	I’ll be right next to you	넌 그대로 내가 니 옆으로 갈 게
47	Skip all the other guys that aren’t me	내가 아닌 다른 남자들은 다 Skip 해
48	Countdown, let’s start (Let’s start)	Countdown let’s start (Let’s start)
51	It’s not over	끝나지 않아
52	It’s not just light words that go by	그냥 지나쳐가는
53	From one to ten	가벼운 말들이 아냐
54	They’re all the way to you	하나부터 열까지 다 너를 향해
56	I’m on my way	가고 있어 난
1	When I see your eyes, I can feel it	너의 눈빛을 보면 느낄 수 있어
3	Feel your heart	Feel your heart 언제부턴가
4	From some point, our coincidence keeps repeating	반복 되는 너와 나의 우연
5	So take my heart that I’ve hidden till now	So take 지금껏 숨겨 왔던 내 맘
6	Take my time I saved for you	Take 널 위해 아껴둔 이 시간
8	My heart wants you	내 맘이 널 원해
9	I’ll protect you, hold my hand right now	널 지켜줄게 지금 내 손을 잡아
10	I know your heart better than anyone else	누구보다 너의 맘을 잘 알아
11	I’ll tell you my heart that I’ve hidden till now	숨겨뒀었던 내 맘 이젠 말할게
13	More than anything else	다른 그 어떤 것 보다 더
14	Change, my heart that tried to hide	Change 숨기려 했던 모진 마음 다
15	Change, times that I hurt you	Change 널 아프게 했던 시간 다
23	Nothing, no one	다른 그 어떤 것도 그 누구도
24	Can replace you	널 대신할 수 없어
26	Take my heart that I saved for you	Take 널 위해 간직했던 내 맘
27	Take away the time that hurt you	Take 널 아프게 만든 시간 다
35	I was the fool for hesitating	망설였었던 내가 바보인거야
36	I didn’t know myself the most	누구보다 날 잘 몰랐던거야
37	I’ll tell you my heart that I’ve hidden till now	숨겨둔 맘을 이젠 네게 전할게
39	I’ll protect that smile of yours	지켜줄게 너의 그 미소
0	Everyone has this at least once, yeah	한 번쯤 그런 적 있잖아 Yeah
1	A night you don’t wanna spend alone	혼자 있기 싫은 그런 밤
2	I’m humming the melody to the song you used to like	흥얼거린 멜로디 니가 좋아한 노래
3	Without much meaning	별 의미 없이 불러보다
4	But then I wondered how you’re doing these days	요즘 넌 뭐 해 어떻게 지내
5	Bright lights, loud music	밝은 조명 시끄러운 음악
6	Flashy clothes, expensive drinks	화려한 옷 비싼 술
7	After I came home, it all seemed like a dream	집에 돌아오니 모두 꿈같아
8	This loneliness I’m feeling right now	지금 느끼는 쓸쓸함이
9	Is it because of you or just my mood?	너 때문인지 기분 탓인지
11	It’s cuz I’m alone	내가 혼자여서 그래
12	Cuz I’m so tired	너무 지쳐있어 그래
13	It’s not that I miss you or anything	딱히 니가 보고 싶은 건 아냐 (아냐)
14	It’s just my young heart	좁은 감정 문틈 사이로
15	That’s trapped between the narrow door of emotions	갇혀있던 어린 마음이
16	Wants to be comforted	그냥 위로받고 싶어서 그래
20	I can’t think of anything right now	아무것도 생각나지 않는 지금
21	But I remember the words, wait for me	기다려 달란 말이 생각이 나 이렇게 나 조급
22	My impatient heart is floating around	해진 맘은 정처 없이 떠돌다
23	Rising above the surface of regret	후회라는 수면 위로 끝도 없이 떠올라
24	Whenever I think of you, I feel like I’m floating	널 떠올리면 붕 떠버리는 것 같아
25	I try to brush it off every day but it’s always the same	매일 지나치려 해도 자꾸 똑같아
26	So I just try to go with the flow	그냥 흘러가는 대로 따라가
27	Only silence greets me	거리로 흘러 정적만이 나를 반겨주네
37	This room is too dark	이 방은 너무 어두워
38	Doesn’t feel like anyone is on my side	아무도 내 편은 아닌 것만 같아
39	Laying on this flat sofa	푹 꺼진 Sofa 위에 누워
40	I have too many thoughts, I can’t sleep tonight	생각이 너무 많아 잠 못 드는 밤 Whoo-uh
41	Everyone tells me	사람들이 모두 말해
42	The heart always acts like this	마음이란 게 원래 그래
43	But none of those words comfort me	어떤 말이라도 위로가 안돼
44	I’m alone in an empty room	홀로 텅 빈 방구석에
45	Sitting in a corner	웅크리고 앉아 기대
46	As yet another meaningless day passes	의미 없는 하루 또 지나 가네
1	What you want I’ll be that	네가 원하는 건 I’ll be that
3	What I want is only you	내가 원하는 건 너밖에
5	However your body takes you	몸이 이끄는 대로
6	Pour up Drank, pour it up, Drank	Pour up Drank, 부어 Drank
7	Bomb, it’s our party like that	Bomb 우리만의 Party like that
8	Don’t try to sober up	애써 깨지 마
9	Just get drunk with the vibes	그냥 취해 지금 분위기에
10	You make me stop sobering up	You make me 맨정신 못 차리게
11	I’m dizzy, why’re you messing up my heart	어지러워 어질러 내 맘을 왜
12	I don’t know you	널 모르지만
13	But I wanna be with you right now	이 순간만은 나와 함께
14	Black like the night sky	밤하늘처럼 새까맣게
16	Every night night	매일 밤밤
17	Burn up	타올라
18	Tonight, tomorrow night, every night	오늘 밤 내일 밤 매일 밤밤
19	Wildin’ all day wildin’ all night	[비엠/All] Wildin’ all day wildin’ all night
20	wildin’ all day every night	[비엠/All] wildin’ all day 난 매일 밤밤
24	If you want, come get a taste	원한다면 Come get a Taste
25	I’m sending you a sign	신호를 보내 눈빛에
26	It’s written in your eyes, you thirsty all thirsty for this	써있네 You thirsty all thirsty for this
27	Bewitched by your movements, she want it	너의 움직임에 더 홀려가게 She whine it
29	Getting drenched with sweat beads of passion	적셔가 열정의 땀에
30	Even after this song ends. No pares y dame woah	이 곡이 마쳐도 No pares y dame woah
37	Black like the night sky	나와 함께 새하얗게
46	We already know	이 밤이 영원하지
47	This night won’t last forever	않을 걸 우린 이미 알지만
48	But till the morning comes	아침이 올 때까지
49	Let’s not waste time	짧은 이 시간이 아깝지 않게
0	So many things happened that angered me	분통 터지는 일이 많군요
1	I’m just gonna wipe it away	싸그리 잡아넣고
2	I was gonna say some bad words	나쁜 욕을 해보려다가
3	But I’m just looking at the moon instead	그냥 달을 봐요
4	Instead of getting stressed, I’ll dress up	스트레스보단 드레스 업
6	Everyone says it’s hard, if it was easy, it’d just be a game	다들 어렵다 해 쉽다면 게임이지
7	Can’t be the best? That’s ok, just be yourself	최고가 못돼 괜찮아 너답게 해
8	I’m not the loser that I was yesterday	어제의 찌질이 내가 아냐
9	Today, I’ll shine, I’m better now	오늘은 빛나리 I’m better now
10	Shalala	신토불이
14	It’s lit	불 불 불이야
18	Pierce the ceiling and fly, shine a light	천장을 뚫고 날아 shine a light
19	With feeling, shalala	느낌 있게 샤랄라
25	I don’t know what I was in my past life	나도 모르겠다
26	But like the lazy grasshopper	전생에 뭐든 베짱이 놀듯
27	I’ll just live my life and go	소처럼 살다 가겠다
28	Be kind (dude)	착하게 살아라 (이놈아)
29	You won’t get anywhere with that Nolbu attitude	놀부 심보 어디 가겠냐
30	Let’s be happy mom, sister, let’s live by the river	행복하자 엄마 누나 강변 살자
31	The best moment of our lives is right now	우생순은 지금이야 right now
32	Let’s pack our bags and go	당장 짐 챙겨서 떠나자 달나라
33	I don’t need to be too self-conscious	난 이제 눈치코치 굳이 보지 않지
34	I have enough grace, right?	운치 있지 맞지
35	Can you feel it? shalala, it’s so obvious	느껴지니 샤랄라 안 봐도 비디오
37	Today, I’ll shine, I’m better now	오늘의 빛나리 I’m better now
53	A small, twinkling star is dancing in my heart	반짝반짝 작은 별이 내 맘 안에 춤을 춰요
54	Don’t try to decide what’s right or wrong	가타부타하지 마요
55	Just like me (everyone together)	나같이 (다 같이)
56	Let’s take this night, fire	[진호/후이] 이 밤의 끝을 잡고 fire
57	Fire on my feet	발에 불 붙었다
58	Let’s run even harder, pour gasoline on it	더 열심히 달려 기름 부어 다
59	When people say you’re too slow	너는 부진해 부진해 부진해 라는
60	Just ignore that rubbish	귀신 씻나락 까먹는 소리 쌈 싸먹어
61	Yes, I like this	얼쑤 좋다 판소리
62	Don’t ever try to be too cautious	절대 하지 마 눈치 보기
63	Don’t worry about tomorrow, know your enemy and know yourself	내일 일은 걱정 말아 지피지기 백전백승
64	100 battles, 100 victories, it’s so hot, hot, let’s cheers	핫 핫 뜨거 뜨거 건배 짜요
1	I continuously draw you in my dream	꿈속의 너를 계속 그려가
2	Would I lose it if I open my eyes?	눈 뜨면 잃을까
3	I hope I could stop everything as it is right now	지금 이대로 모든 게 멈추길
4	Ay in the deep fog I lose my way	Ay 깊은 안갯속에 난 길을 잃어가
5	If I follow your light I may reach you	너란 빛을 따라가 네게 닿을지 몰라
6	I’m falling down, there is no end	I’m falling down 끝이 없는 걸
7	Quickly baby wake me up	어서 Baby 나를 깨워 줘
8	Oh I only think about you	Oh 너만 떠올라
9	When the sun walks over the clouds	태양이 구름 위를 걸을 때
10	When the moon shines on you	달이 너를 비출 때
12	Everyday I just don’t know baby	매일 봐도 모르겠어 Baby
13	I miss you oh crazy	니가 보고 싶어 Oh crazy
14	And I can’t escape from you	또 네게 빠져나올 수 없어
19	It’s like a bright light	이건 마치 Bright light
20	Momentary paradigm	순간의 패러다임
24	I will gradually fall deeper into you	조금씩 빠져들 거야 더
25	Days that were cloudy become clearer with you	흐릿하던 날들은 너로 선명해져
26	I got you now, when I see you, I lose my mind	I got you now 널 보면 Lose my mind
27	Your scent overflows	너의 향기로 차올라 Eh
28	My heart is overwhelmed	나의 맘은 벅차올라 Eh
29	Don’t stop holding my hands	잡은 두 손 꼭 놓지 마 Eh
43	Don’t let go of me	나를 잡아 놓지 말아 줘
45	Because you are the one I was looking for	내가 바래온 너라서
47	I can’t see the end (Ah)	끝이 안 보여 난 (Ah)
48	Everyday is a new day (Ah)	매일 새로운 날 (Ah)
50	The moment I saw you	너를 본 순간
51	Don’t speak rashly (Ah)	굳이 말하지만 (Ah)
52	Everyday you are dazzling (Ah)	매일 눈부셔 넌 (Ah)
0	Time that passes so quickly	스쳐 가듯 빠르게 흐른 시간을
1	We call it memories	추억이라 불러
2	This new start that I’ll create with you	그대와 만들 이 새로운 시작을
3	I’ll call it love	사랑이라 불러
4	I’ll cherish you, I’ll fill my eyes with you	널 아낄게 내 두 눈 가득히
5	You’ll be colored with my beautiful color	나라는 예쁜 색이 칠해져 더 더
6	You’re my beautiful flower	아름다운 넌 나만의 꽃
9	All the days I felt with you	너와 느끼던 그 모든 날들
12	I see myself in your eyes	너의 눈 속에 내가 보여
13	As we’re looking at each other	마주 보는 시간이
14	We’re longing for each other	그리움에 닿아서
15	I’m following your breath	네 숨결 따라서
16	All of the seasons we shared are so precious	너와 나눈 모든 계절이 소중해
17	My flower, rose	나만의 꽃 rose
18	Always bloom next to me	Oh 늘 내 곁에 피어
19	You’re my only love	나만의 너 love
20	Let’s grow our love	Oh 사랑을 더 키워
21	Always stay by my side	늘 내 옆을 지켜
22	I’ll go close and knock	가까이 knock 할게
23	You can answer me anytime you want	언제든 응답해
24	The scent of a flower	한 송이 꽃향기
25	Fills my body	온몸에 가득해
26	Even when I close my eyes for a moment	잠시 눈 감은 순간에도
27	I can’t ever forget you	절대 잊을 수가 없어
28	Our memories	너와 나의 추억
29	You’re in every breath I take, up all night	숨결에 네가 섞여 up all night
30	How can I forget the first time we met?	어떻게 잊겠어 우리 첫 만남
31	As we hold hands even tighter	그대와 손과 손이 더 맞닿은 채
32	I wanna feel you, andante	느끼고 싶어 Andante
33	Can’t express with words	말론 표현 못 해
34	The drama we wrote together	우리 함께 써내린 drama
37	All the days I felt with you	너와 느낀 모든 날에
38	Ended with a smile	미소가 스쳐가
47	Longing fills up my empty room	빈방에 그리움을 채워놓고
48	I’m drunk with your scent, I’m thinking of you	그 향에 취해 너를 떠올리는 걸
49	I won’t say this too lightly	쉽게 말은 안 할게
50	Because I know both of us felt	그저 같은 떨림
51	The same kind of trembling	느끼던 걸 서로 알기에
52	It’s so hard to endure through this longing	그리운 감정이 견디기 힘들어
53	I smiled as if we met eyes and confessed	눈이 마주치고 고백하듯이 웃었지
54	Do you remember?	넌 기억하니
55	All the seasons we shared	너와 나눈 모든 계절이
56	All the seasons	모든 계절이
57	All the seasons are so precious	모든 계절이 소중해
0	Dreams sleep in the sky	꿈은 하늘에서 잠자고
1	Memories flow with the clouds	추억은 구름 따라 흐르고
2	Dear friend, where did you go?	친구여 모습은 어딜 갔나
3	My friend, who I miss	그리운 친구여
4	Every time I remember the past	옛일 생각이 날 때마다
5	I find those lost feelings	우리 잃어버린 정찾아
6	My friend, should we meet in our dreams?	친구여 꿈속에서 만날까
7	I’m quietly closing my eyes	조용히 눈을 감네
8	In sadness, in joy	슬픔도 기쁨도
9	Even in loneliness, we were together	외로움도 함께 했지
10	We held our huge dreams	부푼 꿈을 안고
11	With determination for tomorrow	내일을 다짐하던
12	Where did our strong promises go?	우리 굳센 약속 어디에
0	This is too fast	너무 빠르다
1	I waited for this moment, how about you?	이 순간을 기다렸는데 너는 어떠냐
2	Are you scared? Or excited?	조금 겁나? 아님 신나?
3	Actually, it hurts me to let you go	나는 사실 너를 보내려니 아프다
4	Every time a day felt slow, I prayed it’ll go by quickly	하루가 느리게 갈 때마다 빨리 가라 기도했지만
5	But now I feel the opposite	지금 내 심정은 모두 반대야
6	I wish this moment would stop for a bit	지금 이 순간이 잠시 멈췄으면 좋겠어
7	Time, don’t stay here, go away for a moment	시간아 이제 여기 있지 말고 딴 데 가
8	1, 2, 3, once again, back to the 13	하나 둘 셋 다시금 back to the 열셋
9	Now we became the artists we wanted to be back then	그때 되고 싶던 가수가 이제는 됐네
10	I still can’t believe it but I’m happy	아직도 믿기지 않지만 난 행복해
11	Because I had a lot of luck with my dreams, I’m satisfied	내 꿈에 많은 운이 함께 했기에 만족해
12	But even before I started to dream	근데 내가 꿈을 꾸기 전부터
13	I was excited for this moment	기대했던 이 순간
14	I wanna stop time for a moment	일시 정지하고 싶어 준비도
15	I’m not even ready yet	아직 되지 않았는데
16	My twenties are waiting for me from far away	저기 멀리 나를 기다리고 있는 20대가 나를 기다려
17	Why	왜 이렇게
18	Do the days go by so quickly?	너무나 빠르게 느껴지는 걸까 이 하루가
19	If I count to three right here	딱 여기서 셋 세고 나면
20	What if everything disappears like a dream	모든 게 꿈처럼 다 사라지고
21	And I’m back to the beginning?	나만 다시 그때로
23	Back to the past	좀 더 전으로
24	When I used to fret fret fret fret	내가 매일 떼, 떼, 떼, 떼, 떼
25	Every day	떼쓰던 그때로
26	If this moment passes, what if it gets far away?	지금이 지나가면 멀어질까 봐
27	What if I never see the me of right now again?	지금의 나를 다신 못 볼까 봐
30	Back to the past	다시 그때로
31	Now the way I talk is more grown up	이제 말투는 더욱 어른스럽게
32	Still a bit inexperienced, but I’m walking like I’m confident	좀 서툴지만 당당한 척 걸었네
33	Like a middle school student acting like a grown up	어른인 척하고 다니는 중학생
34	I’m still immature, not used to anything	처럼 아직 미숙하고 모든 게 안 익숙해
35	I was used to seeing adult only zones after 10PM	내게 친숙했던 10시 이후
36	Now it doesn’t matter anymore	청소년 출입금지 표지판은 이제 나와 관계없네
37	But what do I do? My parents still view me as a baby	근데 어째 아빠 엄만 아직도 날 아이로 보는데
38	Strangely, I’m still used to it too	이상하게 나도 아직 이게 익숙해
39	Pay attention, how old are you to fret again?	Pay attention 나이가 몇인데 또 떼써
40	Soon, I won’t be a minor anymore	곧 있음 나는 청소년이란 명찰을 뗄 거
41	This is enough	이쯤 하면 됐어
42	It’s natural, keep going	자연스러워 계속
43	Stop being so uncomfortable, everyone went through this	불편해하지마 그래 모두 똑같이 다 그랬어
44	I always wanted to turn 20	매번 되고 싶던 나이 스물
45	I’m going through the same thing as everyone else	남들과 같은 과정을 겪은 건데
46	But why am I the only one so nervous?	나만 이리 불안할까
47	Or maybe other people close by like my mom, dad and brother	아님 다른 사람 가까운 우리 엄마 아빠 형도
48	Maybe they all went through this too	똑같은 맘으로 이날을 보냈을까
63	This awkward place	그토록 어색했던 곳이
64	Is now my home	이젠 나의 집이 되고
65	Seoul used to feel so big	그토록 너무 컸던 서울이
66	Now it feels so small	이젠 내게 작게 보여
67	I landed here with a dream	내가 그때 꿈을 꾸며 이륙했는데
68	Now I’m looking out the window, preparing to take off	이제는 창밖을 보며 착륙 준비를 해
71	It was so awkward	그토록 어색했던
72	It used to feel so big	그토록 너무 컸던
0	Time runs	시간은 달려가
1	Like my dreams, day and night	마치 내 꿈처럼 day and night
2	I’m carrying them on my neck	잠시 내 목마를 태워
3	Throwing my memories outside	나의 추억들을 밖으로 던진다
4	This is like a drama without a script	이건 마치 각본 없는 drama
5	It’s an ending you’ve never thought of	생각 못 한 결말 나와
6	The dust that covered my heart before	예전의 맘속을 덮었던 먼지가
7	Now presses down on my dreams	이제는 내 꿈을 짓눌러 now
8	Throwback, swallows up the dark night	Throwback 까만 밤들을 집어삼켜
9	Now I have the bright light of the sun that I took	이제는 내가 가져가는 태양의 붉은 빛이
10	Next, in the cold dawn, I see the lonely moon	그 담에는 차가운 새벽에
11	It covers my face, intoxicating me	외로이 뜬 달 보며 얼굴을 뒤덮어 심취
12	Like it’s coloring me black	검은 색칠하듯
13	My head is burning	머릿속에 타올라 가 가득해져
14	Question marks filling me up, blaming myself	물음표가 나를 탓 탓
15	Now I’m running for an answer I can’t even see	이제는 보이지 않는 답을 위해서 달려
16	Running on my mind but I’m feeling even more frustrated	Running on my mind 하지만 속은 더 답답해
17	This is a fight for my tomorrow	이건 내 내일을 위한 격투
18	Right now, I feel like I’ve seen the future from yesterday	지금 내 상태 마치 어제의 미래를 본 듯해 yeah
19	I’m putting on a smile, letting out a sigh	미소를 씩 남에게 빌빌거리며 한숨을 픽
20	Feels like I’m taking a look at myself	지금은 오늘의 나는 날 보는 것처럼
21	A momentary silence	잠깐의 고요가 휭
22	The slower I walk, the more the wind pushes me	걸음걸이가 느려질수록 날 부추기는 바람
23	Turn up with this wandering	Turn up with this 방랑
24	Give me some time to sleep	잠시 동안 내게 잠든 시간을 줘
25	Show me an answer that’s like the wrong answer	내 삶에 더해 오답 같은 정답을 내게 show
26	What I see right now is all a lie	지금 내게 보이는 것 다 거짓말이야 이건
27	I go around but I’m stuck in the same time	돌아도 같은 시간 속 머물러있어
28	Under the blue sky, our song burns red	시퍼런 하늘 아래 붉게 타는 우리 노래
29	Our song burns red and the sandy wind tries to stop it	붉게 타는 우리 노래 앞을 막는 거친 모래바람
30	Like a whale hunting for food	타고 날아오는 먹이 사냥하는 고래
31	But I can’t just get eaten, that’s how I am	그렇다고 먹일 줄 수는 없어 나는 원래 그래
32	When stones come flying from here and there	여기저기 돌들이 다
33	I’ll cut them up with a sword	날아오면 칼로 칭칭 다 베어버린 다음
34	Turning them into pieces, making the pieces into a mountain	티끌로 만들어 티끌로 태산을 만들어
35	And giving it all back	다 되돌려준다
36	It’s boiling up, the anger I held	끓어 올라 주전자에 담긴 화
37	I’m lifting myself up from being trapped in anger	끌어 올려 거기 화에 갇힌 날
38	I wish that anger would bloom into a flower	그 화가 꽃이었음 좋겠네
39	Instead of a sea of fire, I want to be in a bed of flowers	불바다 말고 꽃밭 이었음 해
40	Devils chattering above the highway	도로 위에 악마들이 떠들어대네
41	My brain floats around the complex air	복잡함의 공기 중에 떠도는 내 뇌
42	What saved my brain are the birds that fly high	그 뇌를 낚아챈 건 높이 나는 새네
43	I’m riding on the back of those birds, flying	그 새의 등 뒤에 타 나는 비행해
71	Listen to me, I’m different	내 말을 들어 난 조금 달라
75	Looking at tomorrow, running a bit more	내일을 보고 조금 더 달려
2	I shine like the sun (Just do it like this)	빛나! 저 태양처럼(just do it like this)
3	Only one, I want to be me (Nobody but me)	Only one 내가 되고 싶어(nobody but me)
5	Believe in me, get a chance	날 믿어 get a chance
6	Who would shine if not us	우리 아님 누가 빛나
7	Good luck follows me, everyone is gathering	행운 follow me 모두 gathering
8	Even further, gathering wordwide	더 멀리 world wide 까지 gathering
9	You have too much confidence, who do you think you are	뭘 믿고 자신감 too much
10	Everyone asks me, but I just do it	묻는데 나 just do it
11	Nobody, not anyone	nobody 그 누구도
12	Can replace me	대체 할 수 없어
13	Someone like that doesn’t exist, because	어디 없어 왜냐면
14	I choose my own path, baby	내 길 내가 결정해 baby
15	I don’t want to follow	가고 싶진 않아
16	Other people too far	남 따라 저 멀리
17	I want to live trying everything I can do	할 수 있는 모든 건 다 해보면서 살래
18	Just be who I am	just 나답게
19	Who would make it if not me	나 아님 누가 make it
20	Tomorrow is unknown	내일을 알 순 없어
21	No wait, I’m choosing my path now	No wait 내 길 now 선택해
22	I’ll make every day	매일을 전부 make it
23	The super duper lucky that came to me	내게 온 super duper lucky
24	Lucky	(lucky~)
25	Get ready, I’m ready	Get ready 준비 됐어.
26	I’ll show you my everything	보여 줄 내 전부를
33	Sing a song, na na na na	Sing a song 나나나나
34	Someone be happy	누군가 be happy
35	Like that bright sun	눈부신 저 태양처럼
36	I’ll become your light	네게 빛이 될게
37	It seems like you’ll fail but you succeed	안되다가도 돼
38	It seems like you’ll succeed but you fail	되다가도 fail
39	Don’t mind it too much, what does it matter	신경쓰지 마 좀 뭐 어때
40	I’ll be by your side	곁에 있을게
41	I’ll sing a song for you	너 위한 노랠 부를게
42	You can trust me and follow me	날 믿고 따라 와도 돼
43	The future is unknown	미래를 알 순 없어
44	No way, I’m choosing my path now	No way 내 길 now 선택해
45	I’ll make everything I have	내 모두를 전부 make it
48	Get ready, I’m ready	Get ready 준비 됐어
61	Sing along to my song, baby	내 노래 따라 불러줘 baby
62	Super lucky	super lucky
63	This moment is the best	최고의 이순간을
65	There is no place where it can’t be heard	안 들리는 데가 없어
66	Believe me, get a chance	믿어 get a chance
67	Who is lucky if not us	우리 아님 누가 lucky
72	Who would shine if not us	우리 아님 누가 lucky
0	White night is beautiful but	하얀 밤 아름답지만
1	It’s even colder tonight	더 차가운 밤 오늘
2	Match my gaze one more time	한 번만 다시 눈 맞춰줘 나를
3	A bit more	좀 더
4	My heart that was turning blue	푸르게 번져가던 맘이 어느새
5	Became a wilted scent	시들어버린 향기가 된 채
6	There’s no response when I call your name	불러도 대답 없는 네 이름이
7	It rings out like an echo	메아리처럼 울려
8	You are my blue	넌 나의 Blue
9	As if it was always like this	늘 그랬듯이
11	Fills me with longing	그리움만 가득 채워
12	It’s beautiful even when it spreads	번져도 아름다워
13	The word ‘love’	사랑이라는 말
14	That word that resembles you	너를 닮은 그 말
15	My day remains the same	여전해 나의 하루는
16	A maze filled with you	너로 가득한 미로
17	As I get one step farther	한 걸음씩 멀어지면 더
18	My sighs get exceptionally deeper	유난히 깊어지는 한숨
19	Between the breaths that passes slowly	느리게 흘러가는 숨 사이로
20	I feel like you will be there	네가 있을 것 같아
29	That word that can’t be reached	닿지 못할 그 말
30	Warmth that can’t be forgotten	잊을 수가 없는 온기
31	Should I cry at the	따스하던
32	Warm memories?	그 기억에 울까
33	I’m still afraid	난 아직도 겁나
34	Pretending to be okay	애써 괜찮은 척
35	I can’t do this	안 되잖아
36	I’m still afraid	난 여전히 겁나
37	You are my blue	넌 나만의 Blue
40	You’re my blue	넌 나의 Blue
46	Heart that has passed by	지나간 마음이란 건
47	Can’t be caught	잡을 수 없어
0	The four seasons come and go	사계절이 와, 그리고 또 떠나
1	I gave you my winter, I gave you my summer	내 겨울을 주고 또 여름도 주었던
2	You were my whole world but I’m letting you go	온 세상이던 널 보낼래
3	Did I really love you?	정말 너를 사랑했을까?
4	When was it? Was it spring?	언제야, 봄이던가
5	Yes, back then we were like	맞아 그땐 한참 서로가
6	Shakespeare’s lovers	셰익스피어의 연극 같은
7	As if we were each other’s last	마지막이 될 사랑 마주한 듯
8	We could only see each other	둘밖에 안 보였나 봐
9	But now I wanna see something else	다른 걸 좀 보고파
11	Only you were my everything	너만이 전부라
12	So I gave you my winter and my summer	내 겨울을 주고 또 여름도 주었지
13	In those hot and cold seasons	뜨겁고 차갑던 그 계절에
15	Did I love you?	내가 너를 사랑했을까?
16	We longed for each other	서로를 그리워했고
17	We got sick of each other	서로를 지겨워하지
18	All of those long days and nights	그 긴 낮과 밤들이
19	Before they wear out and rust	낡아 녹슬기 전에
20	Let’s shine once again	우리 다시 반짝이자
21	Since the season is changing again	또 계절이 바뀌잖아
28	You can go, when you look back, I won’t be there	가도 돼, 뒤돌아볼 때쯤엔 난 없어
29	We were quite alright	우리, 꽤 괜찮았어
30	That’s good enough, when we leave	그거면 된 거야 떠날 때
0	I was only used to receiving love	받기만 했던 사랑 익숙해서
1	That was so natural to me	그때 나 너무 당연해서
2	So I didn’t know it was love	사랑인 줄 몰랐어
3	I acted like a fool	나 바보같이 굴었어
4	This breakup only left behind smiles and it hurts	미소만 남긴 이별이 아파서
5	So I can’t get over you easily	쉽게 널 잊을 수가 없어
6	Days without you	네가 없는 하루가
7	Are so hard	난 이렇게도 힘든데
8	I know it’s stupid to regret	후회만 하는 것도 멍청하다는 걸 알았어
9	So I wrote these words I want to say if I go back	그래서 돌아가면 하고픈 말들을 적었어
10	You’re still here, tears are falling	넌 여전히 여기 있나 봐 눈물이 나는데
12	I keep getting scared, I keep regretting	자꾸 겁이 나 자꾸 후회가 돼
13	I want to forget all the painful memories	아픈 기억들을 모두 잊고 싶어
15	Don’t cry, don’t be in pain	이젠 울지 마 이젠 아프지 마
16	I want to turn it back like it never happened, miss you	없었던 일처럼 되돌리고만 싶어 miss you
17	I was afraid	난 두려워
18	So I told you not to go	겁이 나 가지 마라 말했지만
19	But what if you cry like that day?	또 그날처럼 네가 울어버릴까 봐
20	Tears dripping on your cheeks	뺨 위에 툭툭
21	So I said words I didn’t even mean	맘에도 없는 말 툭툭
22	I thought you’d always be by my side back the	그땐 늘 곁에 있을 줄 알았는데
23	I regret my past immature days	철없던 지난 시간이 난 너무 후회가 돼
24	Don’t hate me too much	날 너무 미워하지 마
25	Don’t push me away	아니 그냥 밀어내지 마
26	But then don’t forgive me	그렇다고 나를 용서할 생각도 하지 마
34	I close my eyes but I keep thinking about you	눈을 감아봐도 자꾸만 떠올라
35	I’m afraid of being forgotten by you	너에게 잊혀지는 게 난 두려워서
36	Sorry I can only say sorry	미안하다는 말밖에 할 수 없어서 미안해
37	But I only have you in me	그래도 너 하나밖에 안 남았어 내 안에
38	I know my wish will never come true	끝내 이루어지지 않는 나의 바람은
41	I want to forget all the painful memories	[진호/후이] 아픈 기억들을 모두 잊고 싶어
42	I miss you	[진호/후이] I miss you
45	I’m afraid	난 두려워
0	Why did I meet you now?	왜 이제 와 널 만났을까
1	Should I be thankful that I at least met you now?	이제라도 만나 다행이라 말할까
2	I don’t even have any expectations	난 기대라는 미련조차
3	Just hoping this hell-like day would pass	부디 이 지옥 같은 하루가
4	Without looking at myself	날 보지 못 한 채로
5	That’s all I wanted	지나가길 바라는 게 다였죠
6	But after I met you	널 만나고 난 내일을
7	I waited for tomorrow and had hope	기다리고 기대하죠
8	If we had met in a more beautiful place	더 아름다운 곳에서 우리가 만났다면
9	It would’ve been nice, we would’ve loved more	좋았을 걸 더 사랑했을 걸
10	Just looking at you and smiling by your side	그저 곁에서 바라보고 웃고
11	And lending you my shoulders	내 어깰 빌려주는 것
12	Is all I can do, I have nothing else I can do	말곤 해줄 수 있는 것도 난 없는 걸
13	It would’ve been nice	좋았을 걸
14	It would’ve been so nice	참 좋았을 걸
15	I’m afraid that there’ll be a day	혹시 내가 널 혼자 두고
16	When I have to leave you alone and go	떠나가야 하는 날이 올까 두려워
17	You can leave me any time	넌 언제든 떠나가도 돼 나를
18	If you’re going to a place that fits your smile	너의 그 미소와 어울리는 곳이라면
19	Even if you forget the memories of me	나와의 기억들을 잊고 산대도
20	I’m alright, just tell me that you were happy	난 괜찮아 그저 행복했었다고 말해줘
25	Is all I can do	말곤 해줄 수 있는 것도 난
26	Even though I feel like there’s no one I can trust in this world	참 세상에
27	When I look at you	믿을 사람 하나 없다고 느껴지다가도
28	Feels like the world is not a bad place at all	널 보고 있으면 참 살만한 세상 같애
29	Also, I fall asleep	난 또 있잖아
30	With the hopes of a better tomorrow	더 나은 내일을 기대하며 잠들곤 해
0	Is that star looking at me too?	혹시 저 별도 나를 보고 있을까
1	Won’t it be looking at me?	아니 날 보고 있지 않을까
2	Is that star looking at me too?	저 별도 나를 보고 있을까
3	At me?	아니 날
4	Isn’t it looking for me right now?	지금 날 찾고 있진 않을까
5	Or is it avoiding me?	아니 날 피해 가고 있을까
7	You’re fainter today	오늘따라 넌 더 희미해
8	So this night is meaningless to me	그래서 이 밤은 내겐 무의미해
9	Even if the dark night passes and morning comes	어두운 밤이 지나 아침이 온대도
10	Even if I can’t see you because of the clouds	구름에 가려 보이지 않을 때도
11	Even though I know you’re still there	너 그 자리에 있단 걸 난 알아도
12	Every time I can’t see you	넌 내가 보이지 않을 때마다
13	I get nervous	항상 불안해했으니까
14	So I pray that the clouds will be rain and fall down	저 구름이 이제 비가 되어서
15	Is that star looking at me too?	내리기만을 나는 기도해
16	Won’t it be looking at me?	혹시 저 별도 나를 보고 있을까
17	Is that star	아니 날 보고 있지 않을까
18	Looking at me too?	저 별도 나를 보고 있을까
23	Is there anything that shines as much as you?	너만큼 반짝이는 게 또 있을까
24	What if you can’t hear my song	너무 멀어서
25	Because you’re too far away?	내 노래가 들리지 않을까
26	What I’m looking at	내가 보고 있는 게
27	Is that you?	지금의 너가 맞을까
28	Every night, I look at you	매일 밤 너를 보며
29	Did you see me with my hands gathered?	두 손 모은 나를 봤을까
30	Did you see me too?	너도 나를 봤을까
31	Or did you avoid me?	아님 피해 갔을까
32	I pray that you’ll fall into my arms	내 품에 떨어지길 기도해
34	I won’t ever let you go	다시는 놓치지 않을 텐데
36	This is just part of the journey	이 시간들은 그저 과정일 뿐이야
44	What I can do	내가 할 수 있는 건 그대
45	Right now	이 순간에도
46	Is to believe that you’re looking at me	날 보고 있다고 믿는 것
47	So even after you left me	그래서 난 네가 떠난 이후로
48	Without a single trace	스쳐간 흔적도 없지 그 누구도
49	But why is that I can see you	그런데 왜 넌 항상 보여도
50	But I can’t touch you or hug you?	손 닿을 수도 안을 수도 없는 걸
